Workbook

Sheet Сводка
A1: Ежедневный отчет по продажам
A2: Отчетная дата (можно менять) | B2: 46313
A4: Показатель | B4: Отчетный день | C4: Неделей раньше | D4: Изменение
A5: Выручка | B5: =INDEX(Дни!$B:$B,MATCH($B$2,Дни!$A:$A,0)) -> 1037596.7 | C5: =INDEX(Дни!$B:$B,MATCH($B$2-7,Дни!$A:$A,0)) -> 2369381.3 | D5: =IF(C5=0,"",B5/C5-1) -> -0.56208115
A6: Заказы | B6: =INDEX(Дни!$C:$C,MATCH($B$2,Дни!$A:$A,0)) -> 162 | C6: =INDEX(Дни!$C:$C,MATCH($B$2-7,Дни!$A:$A,0)) -> 390 | D6: =IF(C6=0,"",B6/C6-1) -> -0.58461538
A7: Средний чек | B7: =INDEX(Дни!$E:$E,MATCH($B$2,Дни!$A:$A,0)) -> 6404.918 | C7: =INDEX(Дни!$E:$E,MATCH($B$2-7,Дни!$A:$A,0)) -> 6075.3366 | D7: =IF(C7=0,"",B7/C7-1) -> 0.054249082
A8: Покупатели | B8: =INDEX(Дни!$D:$D,MATCH($B$2,Дни!$A:$A,0)) -> 161 | C8: =INDEX(Дни!$D:$D,MATCH($B$2-7,Дни!$A:$A,0)) -> 387 | D8: =IF(C8=0,"",B8/C8-1) -> -0.58397933
A10: Период | B10: Выручка | C10: Предыдущий период | D10: Изменение
A11: Последние 7 дней | B11: =SUMIFS(Дни!$B:$B,Дни!$A:$A,">"&$B$2-7,Дни!$A:$A,"<="&$B$2) -> 11472839 | C11: =SUMIFS(Дни!$B:$B,Дни!$A:$A,">"&$B$2-14,Дни!$A:$A,"<="&$B$2-7) -> 12813870 | D11: =IF(C11=0,"",B11/C11-1) -> -0.10465462
A12: С начала месяца | B12: =SUMIFS(Дни!$B:$B,Дни!$A:$A,">="&DATE(YEAR($B$2),MONTH($B$2),1),Дни!$A:$A,"<="&$B$2) -> 31509491 | C12: =SUMIFS(Дни!$B:$B,Дни!$A:$A,">="&EDATE(DATE(YEAR($B$2),MONTH($B$2),1),-1),Дни!$A:$A,"<="&EDATE($B$2,-1)) -> 29720976 | D12: =IF(C12=0,"",B12/C12-1) -> 0.060176842
A13: Для месяца нужна история с начала прошлого месяца: в таблице хранится последние 60 дней.
A15: Выводы
A16: Выручка за 18.10.2026: 1,04 млн ₽, −56,2% к такому же дню неделей раньше.
A17: Значение заметно ниже обычного для этого дня недели: ожидалось около 1,88 млн ₽, отклонение 4,7 робастных сигм.
A18: Главный вклад в изменение к прошлой неделе дал регион «Москва»: −431 тыс ₽.
A19: Главный вклад в изменение к прошлой неделе дала категория «электроника»: −614 тыс ₽.
A20: За последние 7 дней выручка −10,5% к предыдущим семи дням.
A22: Выводы записаны на момент сборки отчета для даты из названия файла, остальное на листе пересчитывается.

Sheet Дни
A1: Дата | B1: Выручка | C1: Заказы | D1: Покупатели | E1: Средний чек | F1: Выручка, среднее за 7 дней | G1: К тому же дню неделей раньше
A2: 46254 | B2: 1495786.9 | C2: 233 | D2: 231 | E2: =IF(C2=0,0,B2/C2) -> 6419.6863
A3: 46255 | B3: 1727992 | C3: 265 | D3: 262 | E3: =IF(C3=0,0,B3/C3) -> 6520.7244
A4: 46256 | B4: 2164524.2 | C4: 314 | D4: 311 | E4: =IF(C4=0,0,B4/C4) -> 6893.3891
A5: 46257 | B5: 1957306.8 | C5: 296 | D5: 294 | E5: =IF(C5=0,0,B5/C5) -> 6612.5231
A6: 46258 | B6: 1536801 | C6: 214 | D6: 214 | E6: =IF(C6=0,0,B6/C6) -> 7181.3132
A7: 46259 | B7: 1539536.7 | C7: 256 | D7: 255 | E7: =IF(C7=0,0,B7/C7) -> 6013.8153
A8: 46260 | B8: 1537662.7 | C8: 209 | D8: 209 | E8: =IF(C8=0,0,B8/C8) -> 7357.2377 | F8: =AVERAGE(B2:B8) -> 1708515.8
A9: 46261 | B9: 1554967.3 | C9: 211 | D9: 208 | E9: =IF(C9=0,0,B9/C9) -> 7369.5134 | F9: =AVERAGE(B3:B9) -> 1716970.1 | G9: =IF(B2=0,"",B9/B2-1) -> 0.039564733
A10: 46262 | B10: 1943639.9 | C10: 262 | D10: 258 | E10: =IF(C10=0,0,B10/C10) -> 7418.4729 | F10: =AVERAGE(B4:B10) -> 1747777 | G10: =IF(B3=0,"",B10/B3-1) -> 0.12479684
A11: 46263 | B11: 2141226 | C11: 281 | D11: 279 | E11: =IF(C11=0,0,B11/C11) -> 7620.0214 | F11: =AVERAGE(B5:B11) -> 1744448.6 | G11: =IF(B4=0,"",B11/B4-1) -> -0.01076364
A12: 46264 | B12: 1922214.1 | C12: 296 | D12: 295 | E12: =IF(C12=0,0,B12/C12) -> 6493.9665 | F12: =AVERAGE(B6:B12) -> 1739435.4 | G12: =IF(B5=0,"",B12/B5-1) -> -0.0179291
A13: 46265 | B13: 1493968 | C13: 217 | D13: 215 | E13: =IF(C13=0,0,B13/C13) -> 6884.6453 | F13: =AVERAGE(B7:B13) -> 1733316.4 | G13: =IF(B6=0,"",B13/B6-1) -> -0.027871533
A14: 46266 | B14: 1720292.9 | C14: 230 | D14: 229 | E14: =IF(C14=0,0,B14/C14) -> 7479.5343 | F14: =AVERAGE(B8:B14) -> 1759138.7 | G14: =IF(B7=0,"",B14/B7-1) -> 0.11740945
A15: 46267 | B15: 1412350.8 | C15: 219 | D15: 219 | E15: =IF(C15=0,0,B15/C15) -> 6449.0902 | F15: =AVERAGE(B9:B15) -> 1741237 | G15: =IF(B8=0,"",B15/B8-1) -> -0.081495071
A16: 46268 | B16: 1680197 | C16: 251 | D16: 248 | E16: =IF(C16=0,0,B16/C16) -> 6694.0119 | F16: =AVERAGE(B10:B16) -> 1759126.9 | G16: =IF(B9=0,"",B16/B9-1) -> 0.080535242
A17: 46269 | B17: 1516772.9 | C17: 246 | D17: 241 | E17: =IF(C17=0,0,B17/C17) -> 6165.7434 | F17: =AVERAGE(B11:B17) -> 1698145.9 | G17: =IF(B10=0,"",B17/B10-1) -> -0.21962248
A18: 46270 | B18: 1909946.1 | C18: 282 | D18: 282 | E18: =IF(C18=0,0,B18/C18) -> 6772.8585 | F18: =AVERAGE(B12:B18) -> 1665106 | G18: =IF(B11=0,"",B18/B11-1) -> -0.10801284
A19: 46271 | B19: 1714110 | C19: 263 | D19: 262 | E19: =IF(C19=0,0,B19/C19) -> 6517.5286 | F19: =AVERAGE(B13:B19) -> 1635376.8 | G19: =IF(B12=0,"",B19/B12-1) -> -0.10826269
A20: 46272 | B20: 1613295.1 | C20: 220 | D20: 220 | E20: =IF(C20=0,0,B20/C20) -> 7333.1597 | F20: =AVERAGE(B14:B20) -> 1652423.5 | G20: =IF(B13=0,"",B20/B13-1) -> 0.079872599
... A61: 46313 | B61: 1037596.7 | C61: 162 | D61: 161 | E61: =IF(C61=0,0,B61/C61) -> 6404.918 | F61: =AVERAGE(B55:B61) -> 1638977 | G61: =IF(B54=0,"",B61/B54-1) -> -0.56208115

Sheet Регионы
A1: Регион | B1: Отчетный день | C1: Неделей раньше | D1: Изменение, сумма | E1: Изменение, % | F1: Доля в выручке
A2: Москва | B2: 296499.19 | C2: 727643.02 | D2: =B2-C2 -> -431143.83 | E2: =IF(C2=0,"",B2/C2-1) -> -0.59252108 | F2: =IF(SUM(B$2:B$7)=0,0,B2/SUM(B$2:B$7)) -> 0.28575571
A3: Юг | B3: 243324.73 | C3: 390735.19 | D3: =B3-C3 -> -147410.46 | E3: =IF(C3=0,"",B3/C3-1) -> -0.37726436 | F3: =IF(SUM(B$2:B$7)=0,0,B3/SUM(B$2:B$7)) -> 0.234508
A4: Санкт Петербург | B4: 167973.66 | C4: 365901.42 | D4: =B4-C4 -> -197927.76 | E4: =IF(C4=0,"",B4/C4-1) -> -0.54093193 | F4: =IF(SUM(B$2:B$7)=0,0,B4/SUM(B$2:B$7)) -> 0.16188723
A5: Сибирь | B5: 154822.78 | C5: 213280.47 | D5: =B5-C5 -> -58457.69 | E5: =IF(C5=0,"",B5/C5-1) -> -0.27408834 | F5: =IF(SUM(B$2:B$7)=0,0,B5/SUM(B$2:B$7)) -> 0.14921287
A6: Урал | B6: 88356.35 | C6: 290040.32 | D6: =B6-C6 -> -201683.97 | E6: =IF(C6=0,"",B6/C6-1) -> -0.69536529 | F6: =IF(SUM(B$2:B$7)=0,0,B6/SUM(B$2:B$7)) -> 0.085154809
A7: Поволжье | B7: 86620.01 | C7: 381780.85 | D7: =B7-C7 -> -295160.84 | E7: =IF(C7=0,"",B7/C7-1) -> -0.77311589 | F7: =IF(SUM(B$2:B$7)=0,0,B7/SUM(B$2:B$7)) -> 0.083481384
A8: Итого | B8: =SUM(B2:B7) -> 1037596.7 | C8: =SUM(C2:C7) -> 2369381.3 | D8: =SUM(D2:D7) -> -1331784.6 | E8: =IF(C8=0,"",B8/C8-1) -> -0.56208115 | F8: =SUM(F2:F7) -> 1

Sheet Категории
A1: Категория | B1: Отчетный день | C1: Неделей раньше | D1: Изменение, сумма | E1: Изменение, % | F1: Доля в выручке
A2: электроника | B2: 557323.28 | C2: 1170838.9 | D2: =B2-C2 -> -613515.57 | E2: =IF(C2=0,"",B2/C2-1) -> -0.52399659 | F2: =IF(SUM(B$2:B$5)=0,0,B2/SUM(B$2:B$5)) -> 0.53712899
A3: дом | B3: 280078.51 | C3: 372601.75 | D3: =B3-C3 -> -92523.24 | E3: =IF(C3=0,"",B3/C3-1) -> -0.24831671 | F3: =IF(SUM(B$2:B$5)=0,0,B3/SUM(B$2:B$5)) -> 0.26993003
A4: одежда | B4: 150346.33 | C4: 696061.78 | D4: =B4-C4 -> -545715.45 | E4: =IF(C4=0,"",B4/C4-1) -> -0.78400433 | F4: =IF(SUM(B$2:B$5)=0,0,B4/SUM(B$2:B$5)) -> 0.14489862
A5: красота | B5: 49848.6 | C5: 129878.89 | D5: =B5-C5 -> -80030.29 | E5: =IF(C5=0,"",B5/C5-1) -> -0.61619167 | F5: =IF(SUM(B$2:B$5)=0,0,B5/SUM(B$2:B$5)) -> 0.048042365
A6: Итого | B6: =SUM(B2:B5) -> 1037596.7 | C6: =SUM(C2:C5) -> 2369381.3 | D6: =SUM(D2:D5) -> -1331784.6 | E6: =IF(C6=0,"",B6/C6-1) -> -0.56208115 | F6: =SUM(F2:F5) -> 1

Sheet Проверки данных
A1: Проверка | B1: Статус | C1: Подробности
A2: свежесть данных | B2: в порядке | C2: за 18.10.2026 найдено 173 заказов
A3: объем заказов | B3: в порядке | C3: 173 заказов при обычных 304 (57%)
A4: дубли заказов | B4: в порядке | C4: дублей нет
A5: пропуски в поле region | B5: в порядке | C5: пропусков нет
A6: пропуски в поле category | B6: в порядке | C6: пропусков нет
A7: суммы оплаченных заказов | B7: в порядке | C7: все суммы положительные
A8: заказы из будущего | B8: в порядке | C8: нет (строк позже отчетной даты 749, это повторная сборка за прошлый день, они не учитываются)
